no.,x,y,t
0,-0.598282821809696,1.02353385043712,1
1,1.11592871179071,0.512127225543607,1
2,1.1698145912684,-1.07274668646666,0
3,0.631926257034723,-0.255663210119667,0
4,0.052532407068339,1.19844485349307,1
5,1.94743709839269,0.875587330743641,1
6,-0.386517626709957,-0.698542327107117,0
7,-0.233012736330792,1.09920679343579,1
8,-0.578622159987046,-1.48278066898436,0
9,0.250082033443831,-1.13451047753366,0
10,0.149465907211642,-0.83820786056309,0
11,-0.304018555910025,-0.756984029421349,0
12,1.21618010048122,-0.506728935637107,0
13,0.457282994513501,0.844224109913437,1
14,2.1957771029166,1.40851839310334,1
15,1.43982777344671,-1.01183860703039,0
16,-0.562873912339347,1.34372507722283,1
17,0.222360467258296,-1.40815650903694,0
18,-0.046131553888017,0.334850029899209,1
19,1.05318241749557,0.624226468495626,1
20,-0.104524324331439,1.26368891991059,1
21,-1.48875338010862,1.94925810046305,1
22,-0.184603127657081,0.252756835524049,1
23,1.79255851799218,0.86146307586042,1
24,-1.04400115515262,-0.883196042883881,0
25,1.10941622699079,1.31724687672455,1
26,0.349744924064678,1.12679877560257,1
27,-0.577501895857272,0.671798023412443,1
28,0.804847542360405,-1.43633807992825,0
29,-0.758256986234807,0.973235275402161,1
30,-0.433606000679513,0.942013116932428,1
31,-0.395389684878754,-0.821600898552622,0
32,1.39481032108971,1.46006350738739,1
33,-0.013969050082498,-1.11042311953743,0
34,0.038244080908201,-0.974172946232944,0
35,0.661637254530579,-1.11751713521299,0
36,0.022744457622325,-0.729645491447023,0
37,-1.08966474875865,-1.23264553955186,0
38,0.537366667190724,1.07222331196119,1
39,-0.969335954075902,0.933936806351698,1
40,0.804055727861921,1.37077907489895,1
41,0.702929863298207,-1.100029182186,0
42,-0.006776081015111,-0.991239937124261,0
43,-0.362093168388282,0.803743172278339,1
44,1.00502527396893,-1.53722190287979,0
45,1.71173010753515,1.74338398161176,1
46,1.67797121315063,0.45164811840841,1
47,0.741243954166977,1.94921572997087,1
48,-1.02698939505153,-1.45395123710367,0
49,-0.152247443654832,-1.25975520491892,0
50,-0.357030133815726,-0.796600695828129,0
51,-0.008388609839414,1.59596172500227,1
52,1.50957865458552,-0.680665121683012,0
53,-0.32206583335793,-1.11802159177253,0
54,-0.762534731831124,1.3681112733046,1
55,-1.28003532116053,1.85178242516307,1
56,-1.20991619579409,-1.40750461127329,0
57,0.080956147448439,-0.584533637439561,0
58,0.364844789891276,-1.19488786685071,0
59,0.237533328567865,1.20894665982024,1
60,2.06348236459172,-0.729978261997121,0
61,0.880093894203144,0.709728259667333,1
62,0.137504276510769,-1.3706580258281,0
63,-0.905406805207942,-1.13503361569396,0
64,-1.90677077169132,1.26770304263719,1
65,-0.530983110667383,0.481995948341253,1
66,2.35926235468008,0.893779254455028,1
67,0.462669467554988,-1.29254090767907,0
68,-1.43980301325338,-0.881986255524899,0
69,0.740719284349401,0.722377458257569,1
70,-1.20827086261092,0.706795836076604,1
71,0.18056332458436,0.762363801853599,1
72,-0.928531989808773,-0.443901156742658,0
73,-1.10235653235159,-1.39607685828634,0
74,0.150183778820527,-0.47039315861627,0
75,-0.235038554851057,0.509693289425345,1
76,-0.925292018849473,-0.810086952926641,0
77,-0.240052674434768,-1.41037291095303,0
78,-1.26689321226987,-0.83525869561394,0
79,1.08055122094456,-1.40801251356149,0
80,-0.016959478946812,1.24916173241144,1
81,0.03958630692508,0.863102704359281,1
82,-1.90694797748221,1.1882052972967,1
83,0.004894710337988,-0.168597084248925,1
84,1.00593575683272,0.532990547349228,1
85,-0.070421183491138,0.508982337435704,1
86,-0.262353135705848,-1.18218655852201,0
87,0.146264288053015,-1.28049454805602,0
88,0.754877969596993,1.53421388904249,1
89,0.804636874028277,-1.7454097611289,0
90,-0.781005388788643,0.640269364461111,1
91,0.61260778101107,-0.643883916977836,0
92,0.371876680261189,1.24623049561311,1
93,-0.957154636938889,-1.02061607230818,0
94,0.479070226529356,1.64512500141194,1
95,0.513997845300199,-1.02839129716588,0
96,1.4285379373234,1.17399465683797,1
97,1.48641926112278,0.979157095324989,1
98,1.12868212979677,-1.08678444628146,0
99,0.39635389182478,-1.55763641730629,0
100,1.96095033323824,-1.45507421213841,0
101,-0.15914298547555,-0.847709211893608,0
102,-0.93592637335074,-1.09376227867396,0
103,0.821145285775133,-0.959445864346753,0
104,-0.976364399228349,-1.3725987737943,0
105,0.306261060794678,0.570889668899652,1
106,1.31171538750672,-1.12156007409176,0
107,-0.49937825356683,-1.46208908893582,0
108,0.560320633013875,1.11887476062204,1
109,-1.54313990740336,1.87279858148295,1
110,0.256888757857592,-1.2193478491504,0
111,0.07261125056654,0.39160000508092,1
112,-0.265921321671593,1.24405172825297,1
113,1.61561066877235,-1.16863423178204,0
114,0.328891098788542,-1.08994221466301,0
115,-0.718479732097735,-0.848014208499445,0
116,0.22986706702635,1.07555756278883,1
117,-0.302818628223475,0.969909776333755,1
118,-0.86679795314734,-0.826252839669375,0
119,-0.02729547587996,0.954989610052345,1
120,-1.75307848001519,-1.25099647546785,0
121,1.11359774525247,-1.33434491520808,0
122,-0.210694479365319,-0.625181540035496,0
123,-0.825693943788738,-1.49577876842764,0
124,-0.582410712719365,1.18958576340437,1
125,0.953985207886901,-0.752570731677054,0
126,0.135614417292836,0.731496715604072,1
127,-0.720218694771831,-0.870073175453271,0
128,-1.84926414446536,-0.434991162507813,0
129,1.16441665455752,0.728306765397234,1
130,0.883555608033777,2.42491275015125,1
131,-0.001981431898108,0.821473100278242,1
132,0.03502739352597,0.710677178998762,1
133,-0.840814171411826,1.08843455094838,1
134,-0.687951830593788,-1.48614845422747,0
135,-0.515281981168737,-1.74284710228581,0
136,0.104639347033131,-1.11477404103977,0
137,-1.4339220392538,-0.722513907549897,0
138,-1.22067868134811,-0.574848344312764,0
139,-0.217154080400602,-1.29037936892339,0
140,-1.40221525812927,0.598474681914385,1
141,-0.148811666070596,-1.22107283692836,0
142,0.210465634922703,1.08059380323582,1
143,-0.390222214121191,-1.13711487616771,0
144,1.3724733668942,1.62179397163038,1
145,-2.03628674455308,1.77370321294303,1
146,1.09765445732599,0.746275352879867,1
147,-0.015655552389886,1.56397777462792,1
148,-1.73546298929966,1.55256175182293,1
149,-0.73124413728441,-1.17226841549776,0
150,1.54358857464344,-1.60633433052633,0
151,-1.30349101006003,0.782354174286104,1
152,0.432750056849579,0.751127857826603,1
153,-0.108856070263669,1.229841517942,1
154,-0.373478502830583,-0.794464653115814,0
155,0.612556743661324,1.18361179243098,1
156,-1.06329918916743,-1.22564234133381,0
157,0.757474676187114,1.40426326008655,1
158,-0.609297289566326,-0.347103160408687,0
159,-0.192406634930637,-0.952406478877358,0
160,-0.441193043462195,-0.937941353897706,0
161,-0.287105195067186,-1.23466818030702,0
162,1.35931678045014,-0.934477033704293,0
163,0.932378781837396,-1.08720232026455,0
164,0.294412169034954,1.18328454271293,1
165,0.791087356248874,-0.823264782349247,0
166,2.50538284229557,0.9855810084803,1
167,-0.225608164018903,0.993154390711604,1
168,-0.345072245381834,-1.10473466166998,0
169,0.865143002865658,0.695413957586373,1
170,-1.62723643926744,-1.0854880252191,0
171,0.504173941084473,0.112599125930908,1
172,-0.513806634265482,0.883744938709958,1
173,-1.21332627459592,1.30378980308351,1
174,-0.124445436074798,-1.00673270715014,0
175,0.680122926234184,-1.07645384302371,0
176,-0.724402595386893,-0.976701495768886,0
177,1.07243450588776,-0.768662151239844,0
178,0.550888779335355,-0.6399907709278,0
179,-0.793431988095413,1.07440865845185,1
180,-0.680568296450278,-0.850548131754029,0
181,0.593437394409765,-0.503704144046003,0
182,-0.686790950660104,-1.47262695788471,0
183,1.48155106925332,0.879459685983452,1
184,0.98099694390892,0.873986966900012,1
185,-0.908846126201696,-1.37791320979536,0
186,-1.53724071506733,-0.356999176214313,0
187,0.560631364456201,-0.589976847333673,0
188,-0.121248195177428,-1.30718216751522,0
189,-0.728761492232702,-0.498007687512362,0
190,1.03654463230668,-1.16411709393671,0
191,-0.060795387623297,0.862894854040936,1
192,0.654012902296568,-0.965725609737205,0
193,-0.773676217159736,1.75205050979144,1
194,2.96568243576464,1.67707520210309,1
195,1.19260232793279,-0.394053476130203,0
196,0.990747197632234,0.843961082671729,1
197,-0.758934912633259,-1.02196347304784,0
198,-1.23708334076235,0.517974146275822,1
199,1.15633510729398,-0.571206240671441,0
200,0.626604607962118,-1.54869783560895,0
201,-0.175792990912731,0.817062687601013,1
202,-0.811335470543276,-1.00349635424179,0
203,-0.28717440523549,-0.587471894048783,0
204,0.354984168546675,-0.998180371389614,0
205,-0.150978074552169,-0.980335035949001,0
206,0.444205771660764,-1.20438394145318,0
207,0.791207308120145,-1.02574295643752,0
208,-0.407846577800677,1.19231748266957,1
209,-0.709494173684448,-0.659606070661235,0
210,0.973862174323169,0.910839712575769,1
211,2.70636039638023,0.807699220048438,1
212,0.243849276772487,-1.10623338301663,0
213,0.415533099185467,0.832751246160687,1
214,0.776847590789677,-1.25557795595001,0
215,-0.217963682239873,-0.93293444786883,0
216,-0.830483038150644,0.570999553066872,1
217,-0.253549936611086,1.14652627281132,1
218,-2.79831093331225,1.50845723524978,1
219,0.891348284501381,-0.959292487326348,0
220,0.21742573034599,1.37176440690993,1
221,-0.244757456661398,-0.695330030544825,0
222,0.280744386817001,-1.24355444468186,0
223,-0.37889503791518,0.70614620220691,1
224,-1.17841436030374,-1.02386694811976,0
225,0.158793306458423,-1.11481173393973,0
226,-1.03498036009447,0.977701431047461,1
227,-0.044448972272803,-1.09067710716546,0
228,-0.902565524631995,0.109131221333102,1
229,-1.58700928382179,1.14046047107183,1
230,-1.15484279187452,0.322813143458599,1
231,0.104562872725693,0.854871257626849,1
232,0.203532279116774,1.4384437421031,1
233,-1.18911909761589,0.4245061366651,1
234,0.45440855302096,1.09471252897037,1
235,-0.432546568784858,-0.496663400485805,0
236,0.838103062323578,-1.14866919471713,0
237,-0.480042873740109,-1.01277474705855,0
238,-0.22410157214424,-0.635359856473863,0
239,-0.339491786026292,-0.60679248145385,0
240,0.103537849190258,1.15055740654447,1
241,0.733231054231436,1.1563286729917,1
242,-0.190952212491768,-1.01428963734451,0
243,-0.808199688901565,1.04293978168643,1
244,-1.17699776476065,0.488846659072159,1
245,0.031150033061089,-0.706822937838398,0
246,0.232511308156388,1.66059796910168,1
247,-0.007976038478475,-1.07964403948232,0
248,-2.20815726267195,-1.14644424799144,0
249,-0.676167379945536,-0.419803632015573,0
250,0.73242745220399,0.59443609707312,1
251,-0.800978432063854,1.26148873485325,1
252,0.152303933575569,1.42342733314524,1
253,-1.29088652967242,1.71718677189783,1
254,-2.27081609338549,-0.566063226872451,0
255,-0.357343450047871,-0.210492282112265,1
256,0.030086559333067,0.410217058900968,1
257,-0.708669474631955,0.032323853899444,1
258,0.227796709528019,1.42413352865352,1
259,-0.879821226008711,1.07663856177957,1
260,0.901452873245684,-0.29338461298015,0
261,0.56826623489666,-1.36486056797762,0
262,-1.24874321562266,1.47882184752723,1
263,-2.43097568583379,-0.973867714821821,0
264,1.17114271054165,-0.884855770179668,0
265,-0.160133284750208,0.401119567367215,1
266,0.656559106745233,1.22764221359699,1
267,2.20539504211565,1.3829576433191,1
268,0.329154248289963,0.671706009425733,1
269,-0.536594493182786,0.394697948851297,1
270,-0.913502683557224,-1.20559497511738,0
271,0.434863568950118,1.29412390936551,1
272,-0.353138069745239,-0.639843044721325,0
273,-0.820023288269129,0.325151458492629,1
274,0.169198174222838,-1.12003177400132,0
275,-0.321418907197104,-0.600834612533777,0
276,0.295924223592471,0.97386068738519,1
277,0.622370580432911,-0.527794209992119,0
278,1.24967772315974,0.387056320418599,1
279,-2.37287274014431,-1.50777146709333,0
280,-1.9164638408015,-0.879061109592963,0
281,1.04605424504991,0.632105486951703,1
282,-0.170002374135412,-1.52604709108991,0
283,1.98882750093628,0.759113627776147,1
284,-0.405159803126024,-1.45564579157099,0
285,0.034012371853394,1.07777939869552,1
286,0.901636174080746,0.649494125372045,1
287,1.19705667241221,-0.977306060044135,0
288,0.334793793545434,-0.774905898465838,0
289,0.277454510085285,-0.598163299523511,0
290,-0.191650580538573,0.66265871210515,1
291,-0.735431921442422,-0.812286367988785,0
292,0.145783126715718,1.92588129610932,1
293,0.613537467156236,-1.39545139198551,0
294,1.45762032161408,-0.697439402158005,0
295,-0.01998188034351,0.620221182685284,1
296,-1.45719344572436,-0.683904063622131,0
297,-1.78139479167058,1.427982846504,1
298,-0.144332144648431,-1.27876964862059,0
299,0.764274549129088,0.682217238261885,1
300,-0.590333856689049,-1.15113933039432,0
301,-0.446285862689973,1.65661485414405,1
302,3.7452718410366,-0.747623937159837,0
303,-0.539769731979456,-1.64775629005045,0
304,-0.560735926423996,-1.0245786342385,0
305,-0.410194339528268,-0.598500733300985,0
306,0.873374186174964,-0.897470592643604,0
307,-2.66479368732207,-1.53527254041083,0
308,-0.514658926887856,-0.882726480562679,0
309,-0.476816980033538,2.55485146864105,1
310,-0.313719265549903,-1.02467072312861,0
311,-3.04054384351938,-1.34499388113171,0
312,0.389237218138462,-0.996263324740673,0
313,-0.156192717376451,-0.870764568327262,0
314,-0.419604632413507,-0.699643209988222,0
315,-0.17288410295746,-1.06041744887749,0
316,-0.089234822454582,0.97306117328969,1
317,-1.16178850846553,0.893724046300972,1
318,0.514328916221362,1.04413874502606,1
319,1.37142443777747,0.72830702040699,1
320,-0.351044117568749,-1.3118625215347,0
321,0.934578458958037,-1.05731059059075,0
322,-1.24455289401373,0.430860246856368,1
323,1.2060227165462,-0.855451677087786,0
324,-0.666774223720052,1.59897479153725,1
325,-0.187958204354946,-0.494465964541994,0
326,-0.442378342722946,-1.04050416325214,0
327,-1.16231994419433,1.27608602710268,1
328,-1.30765991031575,0.913323942810952,1
329,-0.132658210076761,1.33330741874985,1
330,0.411061847832432,1.62765567298876,1
331,0.148144091743347,1.24934540004817,1
332,-0.536764773623976,1.09341064863442,1
333,-0.69099443459831,0.908302039476698,1
334,0.697501057661352,-1.27290899797931,0
335,-0.822210400990642,1.44144756066929,1
336,0.600664112318961,-0.103831207808205,1
337,0.802092221412652,1.09015606435877,1
338,0.435981025846171,-0.407087995929415,0
339,-1.36273717165165,-1.42198234917327,0
340,0.212555759003856,1.06786758810081,1
341,-0.880988733904236,-0.87255968995392,0
342,-1.19797055585917,-0.879784908551308,0
343,0.000905220188299,-0.758161111755945,0
344,-0.148468909003388,0.761533840509979,1
345,-1.06736316160305,1.12047099816592,1
346,0.095174892352027,0.657533371540478,1
347,1.09054734624422,1.72620034472829,1
348,0.321562192252959,0.734110842392458,1
349,-0.119674053149085,0.896586192913449,1
350,-0.417551198936406,1.28536984514883,1
351,1.89676597467809,-0.567881001928864,0
352,-0.676734198762331,0.465669104652175,1
353,0.494647195294851,-0.937181217751259,0
354,0.917010136563513,-0.020325402916047,1
355,-0.463284386309602,-0.694088339400286,0
356,0.940693971951548,-1.64314316583556,0
357,0.715752578106567,-1.04973589022974,0
358,1.31466050180492,1.53824570949006,1
359,0.02889874956226,-0.692163208699672,0
360,-0.931181925711924,-0.341996714722002,0
361,0.505947546826727,1.01920872421114,1
362,0.585001378559143,0.283483228472114,1
363,1.47853793361094,-0.056997230920445,0
364,0.591576217081217,0.317716959553969,1
365,-0.111810052741063,-0.844614604060488,0
366,0.231839942804618,-0.773246618149227,0
367,-0.012142725869179,-1.13748815591213,0
368,-0.093347133360656,0.13762595345308,1
369,0.136554282854531,-0.688261152668874,0
370,0.953277587467571,-0.944722619877227,0
371,-1.91897116171457,-0.224111283166026,0
372,1.32344663802779,-0.729336709087837,0
373,-1.15589095446383,-1.344826367173,0
374,-0.061064827722163,2.02660361717213,1
375,-0.817995998115418,0.919761167324309,1
376,0.649793801665729,0.327938773520498,1
377,0.221027677258667,1.44649818748636,1
378,-0.763897012885133,-0.633815187453466,0
379,-0.095699712239205,-1.02183815766637,0
380,1.6063873625979,-1.40151946002003,0
381,0.316183418112801,-1.33238483442419,0
382,-1.14917795951093,1.21664321102304,1
383,-0.636924004672533,0.973975647699,1
384,-0.508682697591575,1.05790326776606,1
385,-1.20409544841983,-0.909967595148816,0
386,-1.2251177288726,-1.69104788314097,0
387,-1.30613765507439,-1.08922462940749,0
388,-0.122252087458057,1.36304671745594,1
389,-0.340582855111281,-0.786146361869715,0
390,-0.391519696797767,0.426237980860782,1
391,-0.857416605927403,0.798295370525945,1
392,-0.699011564443254,-0.62263130872936,0
393,0.511170746893688,1.36639055171178,1
394,-0.774230351055105,-0.483404016649144,0
395,2.02391059911632,-1.19937338554705,0
396,0.293441925692023,-1.19837179163363,0
397,-0.107863359932695,1.37592381911087,1
398,-0.135139628479923,-0.104922732621833,1
399,-0.707072436686249,0.973552720586995,1
400,0.212179134746378,1.6342400738014,1
401,-0.169772098742638,-0.748438352348197,0
402,-1.59307735298102,-0.84600901869104,0
403,0.666982517738316,-0.900672409155785,0
404,-0.625114701977915,-1.04133643278545,0
405,0.524207447509496,0.631844259862497,1
406,0.121314649191896,0.702550851576731,1
407,-0.424587942260797,-0.993311732943614,0
408,1.09143241411781,1.06527280469554,1
409,0.0546944021327,-0.663230975853211,0
410,1.82014610338737,0.388304205731393,1
411,0.63583523406557,0.664611072700583,1
412,-1.14519893171034,-0.576508003675029,0
413,0.982787412138433,0.540637229752856,1
414,1.79143108429592,-1.19541403717853,0
415,1.36378575151342,-0.906492282344593,0
416,0.105357499033077,-0.738624618588158,0
417,-0.793590324317542,-0.685374879489772,0
418,-1.2292021738235,0.990644885833175,1
419,-1.39598721277734,-1.0842026273864,0
420,-1.44057364570703,1.07949824944268,1
421,0.475398657803999,0.134599090339763,1
422,1.24417402419153,-2.00252363428148,0
423,-0.334757295922497,0.641871055593987,1
424,0.509330777143253,-0.6644514564659,0
425,0.322582455843359,-1.00985977129515,0
426,1.22606891162876,0.592488866194178,1
427,-1.59888734557689,-1.11654861332428,0
428,-0.12889360859281,0.685622354515313,1
429,0.098634898504499,-1.01316812666839,0
430,2.42397849291356,-1.73791649555708,0
431,0.357134591494706,1.23311466927036,1
432,1.7537947771394,1.89717700673018,1
433,-0.203315433731308,0.479220387701587,1
434,-0.370377587248796,-1.02676058573449,0
435,0.469684718257448,0.843026109967115,1
436,-0.118541649910295,1.04591464618945,1
437,1.11277095539049,1.05234085108142,1
438,-0.228138744388579,-0.68350434467087,0
439,0.220801007861498,0.746204624317128,1
440,-0.193967206736424,0.319623973307806,1
441,2.10282737929937,0.671330596038285,1
442,-2.27021131092844,1.3600848860779,1
443,0.178614954886798,-0.962099494869344,0
444,-0.941766362239608,0.94612143136305,1
445,0.649269184590039,-1.10394014044451,0
446,0.192790307325341,1.33279995335585,1
447,0.984541430124204,-0.487141418790619,0
448,-0.085454605764806,1.12192199478091,1
449,-0.240689292505018,-1.64086300095554,0
450,0.609945887219954,1.21739875278968,1
451,-0.133029260091783,-0.937644853645633,0
452,0.073989691276857,0.283603435059821,1
453,0.830415845769178,-1.0667042019202,0
454,-1.17062174104143,1.70294827734836,1
455,-0.31601026187295,-1.0752917643191,0
456,0.354470540618036,-1.07213446639412,0
457,0.291755403001565,0.898668054280471,1
458,-0.656975253055829,-1.26624175632445,0
459,-0.407499733378014,1.5687994162112,1
460,0.479573835148705,-0.994972325660169,0
461,0.215325190428628,0.764471763701119,1
462,1.13657919439107,0.297528226345805,1
463,0.772568969339484,-1.2228902277782,0
464,0.274161321482794,1.37858879549936,1
465,2.0880364911686,-1.23174231972432,0
466,-0.140547110160564,-1.2801997335105,0
467,0.93756325455375,0.625359108055064,1
468,1.05431490417112,-1.26512140235506,0
469,-0.961211139073018,-0.797858511489177,0
470,-0.738033733569335,-1.41243414386809,0
471,-1.76786861120151,0.695570985623101,1
472,0.617448504938266,-1.41795048691589,0
473,0.480563324761432,0.715517180014281,1
474,-0.145395215780087,0.200390610918837,1
475,0.954983815463092,1.20425989031999,1
476,-0.941035905191022,-0.518572551229794,0
477,1.72757020527544,0.297423459855796,1
478,-0.070727924108094,1.44691588253758,1
479,-0.539342661599012,-0.340130440286631,0
480,-1.92313375213199,-0.846553344612244,0
481,0.32116051322851,1.4421719565702,1
482,-1.0402382723605,1.34821077877391,1
483,0.652652820095623,-1.31220639795076,0
484,-0.271180031480527,-1.37362421013521,0
485,-0.089919886520126,1.35728132619533,1
486,0.621451744682116,0.684683860641078,1
487,-0.270777497070716,1.16926234758372,1
488,-0.478896382096497,-0.26612170568467,0
489,-1.06495568982405,-0.708005658311166,0
490,-0.011563354345768,-1.56682648235659,0
491,-0.355618499436038,-1.19350102066396,0
492,-0.411878142381742,1.47408676667809,1
493,0.50445817703801,-0.460691680518489,0
494,0.981399416100598,-0.810280052595042,0
495,1.11693637844616,0.511065679743104,1
496,0.395588970692559,-1.04569055313879,0
497,0.433214709334969,0.92626983557574,1
498,-1.11516173758578,0.964766220679274,1
499,-0.576354073402722,-1.42296911150255,0
500,-0.221462793033748,1.22782445476862,1
501,-0.606303697238078,0.375056248765491,1
502,-0.367418890411757,-1.01070557436628,0
503,0.879866886268315,-1.29524581103468,0
504,-0.57804834371445,-0.806069054903304,0
505,-1.52208740198562,-0.585771346825393,0
506,0.749956590845282,1.01601483404013,1
507,-0.546498109257537,-1.29015701068229,0
508,-0.125325350183428,-1.15380659044997,0
509,-0.646038893867516,-1.22117232612053,0
510,-0.70296206571043,-0.874022185410171,0
511,0.25053024471092,-0.548188884431684,0
512,1.3148747093431,1.79546474224316,1
513,0.150737954872855,1.12427317224769,1
514,-1.19146603491871,-1.0439910212932,0
515,-0.252197591455484,-1.2267564569985,0
516,-0.972228134906114,1.15628858211049,1
517,0.926870640775252,-1.89691160389353,0
518,-0.989509625875116,0.936327079633266,1
519,0.69668834430822,-1.32694340885292,0
520,0.208993457737997,1.05815900125067,1
521,0.758186513221205,1.17562016754949,1
522,-0.463674052530969,-1.24049102164844,0
523,0.471493181649938,-1.46841385004466,0
524,0.552567974693423,1.64421704625821,1
525,0.668666227620009,-1.16751301072419,0
526,1.68413690748086,-0.980941019193314,0
527,-0.974974113344017,1.17196833787483,1
528,-0.422517883987147,0.632640703266893,1
529,-0.879851662962875,-1.18588847288703,0
530,-1.3679590427618,-1.40967114048297,0
531,-1.02870525828447,0.569704229588194,1
532,-1.00226921777234,0.262128942186846,1
533,-1.10752562717813,-0.89825273080369,0
534,-0.486069372051803,1.2566134943187,1
535,-0.200017724974533,0.636027231718888,1
536,0.538591732615126,1.41226165893565,1
537,-1.59870613954345,-1.13363343495837,0
538,-1.24809674067372,1.08040500671233,1
539,0.92503304641137,0.970464594129356,1
540,-1.3694738781101,1.92658107581209,1
541,1.37608510739079,0.927129942679169,1
542,0.473914577060215,1.63747494361884,1
543,-0.338314545360732,-0.825595792551867,0
544,-0.854547860748257,0.378900164097065,1
545,-1.02850601439761,-1.76381003378651,0
546,-0.42360284964446,0.451506408133274,1
547,-1.10412324362234,-0.822101823469503,0
548,1.6010476992929,0.213372258675305,1
549,-0.877300270963724,-1.58779161529003,0
550,1.27657063082538,0.128713617620871,1
551,2.14475042129856,0.689149001878002,1
552,1.02708511556899,0.511649332704303,1
553,1.08622635996831,0.162810742362836,1
554,-0.656956716308685,1.12985751931548,1
555,0.188055887418631,-0.687642381918297,0
556,0.60351012389176,1.19392703823743,1
557,1.35423712302218,-0.808660963800068,0
558,-2.09721384675592,-0.778959816542173,0
559,0.133494584364331,1.06484036802536,1
560,0.350266379728314,0.744067110908339,1
561,-0.625101505980639,-0.500502992072627,0
562,1.16763375308681,1.31438554001909,1
563,-0.512706352920403,-0.85071141359008,0
564,-0.092579515864003,0.164393005755115,1
565,0.058427730733186,1.67969727766461,1
566,-0.237307150301419,-1.2149833807631,0
567,-1.89032318001115,1.43829060967125,1
568,1.61679854852764,-1.05852702670399,0
569,0.321928646300065,-0.608262015123737,0
570,-0.184637764621485,0.870250769800371,1
571,0.595841962653634,-1.42616081351224,0
572,-0.281151653094043,1.37201644400444,1
573,-0.120060654062118,0.685114526827523,1
574,-0.459211373581439,-0.935783130071727,0
575,1.68492806898914,0.612690132529609,1
576,0.69916824455496,-1.01790623326567,0
577,0.620331213645506,-1.72024350547392,0
578,0.324125802636647,-0.984408378933037,0
579,1.12863767397594,-1.29567631858224,0
580,0.675326443497009,1.11339889271738,1
581,-0.180133498103872,-1.53916465741414,0
582,-0.170280382627538,0.873970661549868,1
583,-1.69160539749632,1.52072600845956,1
584,-0.401450997995641,-1.01553181182336,0
585,-0.456284051737744,1.3180605779746,1
586,0.58776633433355,-1.33464888285517,0
587,-0.138514076770751,0.462799916415264,1
588,-0.745191496963265,-0.811901539299674,0
589,1.78569077048234,-0.88620102335826,0
590,-0.572698211269275,0.58059098942224,1
591,-0.585965171021731,1.33186399241417,1
592,-0.011905679333195,1.62010877087427,1
593,-0.632602131307752,-0.632420075962061,0
594,-0.000291416914135,-1.25283827821181,0
595,0.121386757390906,-1.17550616033911,0
596,1.09470869240942,0.425436251234296,1
597,-2.07916502022502,-0.812253620219721,0
598,-1.62150603667752,-1.37398458116843,0
599,-0.317021610734136,-0.896975557731603,0
600,0.449415855558017,0.71316023035908,1
601,-0.419910839961729,-0.559619943178102,0
602,1.64171870321827,-1.55314653824473,0
603,-1.41429647835829,0.613105619195764,1
604,-0.332108550060552,-0.837717579081701,0
605,-1.36974814809781,0.509552768218149,1
606,0.032165922372219,0.759300700599756,1
607,0.32325487863036,0.87980676763818,1
608,-0.91967393616537,0.680371457083716,1
609,1.03260865081866,1.09288584182685,1
610,-0.961636744111067,-1.61045878821825,0
611,1.18505921076678,0.159981633690263,1
612,1.64316026726429,0.912262258748131,1
613,-1.29453646850246,1.58863279482818,1
614,-0.055242214197903,1.38475755121022,1
615,-1.83304151291014,1.57905969400718,1
616,-1.23352562982239,-0.492845260954835,0
617,1.03115942315849,1.3580472260676,1
618,0.367416031775448,-0.76080295129187,0
619,-0.519765536657866,1.30953287390752,1
620,2.01385196194113,-0.93056274570609,0
621,1.19583415906347,-1.08414469181073,0
622,-0.612379578841784,0.287651127670558,1
623,0.073631995631416,-0.869274446110694,0
624,0.518420829776569,-0.815604935358086,0
625,-0.938798912953218,0.931804258597252,1
626,-0.472654841395693,-1.3623387072863,0
627,-0.567782282773748,-1.23433766336561,0
628,-0.867373103356794,-0.70370353654981,0
629,-0.415425829186465,1.67597539985476,1
630,2.18654788907341,-1.49811841294553,0
631,1.22908852218541,1.21689423201743,1
632,-0.039481753482402,1.13633148602638,1
633,0.921304995925866,-0.776179810399144,0
634,0.622174302221358,1.30740422155913,1
635,-2.07822447772787,-1.04751633925928,0
636,-0.216545248671725,-1.29053674280529,0
637,-0.802593759530315,0.607980214084069,1
638,0.188854877961204,0.333645969560394,1
639,0.705386010929113,0.543254026478264,1
640,0.444147372837532,-1.02951724038857,0
641,0.676636127184577,-1.16020770028534,0
642,-0.331595855973178,-1.41230732267805,0
643,-1.23178441434913,0.812485663385623,1
644,0.453862585403003,-1.22738073111252,0
645,0.970187728171702,-1.03246065625086,0
646,1.66686915275837,-0.889043454901273,0
647,-0.263980099994135,1.01683632937152,1
648,-1.48954876235873,-0.497611153805546,0
649,0.096818765015202,1.94800266886906,1
650,0.649321027451107,1.10271398500182,1
651,0.764735693516612,0.721185201417245,1
652,1.61374907471224,0.882029559914222,1
653,0.027868543421807,-0.841770053417287,0
654,1.30634381259566,0.836777995185984,1
655,1.23988026376179,1.421989404849,1
656,0.969832462493669,-1.17106044095023,0
657,2.04327269496412,-1.20833452019094,0
658,-0.234368383969979,0.552306515981228,1
659,0.61252570504505,0.630986427717154,1
660,0.049814053112377,-1.38526071435591,0
661,-2.13736705067497,1.07105829802545,1
662,-0.298322267146135,-1.24816453033518,0
663,-0.211526022664228,0.782283251493824,1
664,-0.303029027307065,1.57760068671009,1
665,0.767742131457196,-0.797175169963538,0
666,-0.531858266311936,1.23537040487372,1
667,-0.993088755106404,0.941350189631986,1
668,1.30296713281085,0.998855974982608,1
669,0.52118175334644,1.75207390266591,1
670,-1.15278765749533,-1.21462196277801,0
671,-0.587309888190544,0.794933622096637,1
672,1.35306931536975,-1.56650316939373,0
673,1.0365948401326,0.181771937561073,1
674,-0.294826975480393,1.12180593157308,1
675,1.46689041821707,-0.871977402054511,0
676,0.928295402908933,-1.13545850612745,0
677,-1.33534534049216,-1.03847377780686,0
678,-0.258435254757165,0.758305226561728,1
679,0.381482297004952,-1.01808950499645,0
680,-1.58034803230837,-1.24693049128076,0
681,-0.353055884361492,-1.1005032586311,0
682,-0.843468816886412,1.61862690834563,1
683,-0.460777432020112,1.0414205374528,1
684,-0.335994699351167,-0.905815014168563,0
685,0.564817050687304,0.538775896470743,1
686,1.73945091132643,0.826497460030349,1
687,-0.841114455930004,-0.8795309844455,0
688,-1.66421932357685,0.641702402058675,1
689,-0.655412386066703,0.572542213488415,1
690,0.674670660630752,-0.640319932181921,0
691,-0.728807018081946,1.06537766291429,1
692,1.24021155122917,-0.893403526491637,0
693,-0.229700536123803,-1.1448839760777,0
694,0.41167734368778,0.968277228684008,1
695,0.743264228446678,1.16311091118845,1
696,-0.565307384695464,1.32260656398845,1
697,-1.42657779917328,-0.165598845491131,1
698,-1.86476251855464,1.88216949211644,1
699,-0.612723512801443,1.17235370799261,1
700,0.627215361314865,-0.818759620459196,0
701,-0.374737861569558,1.22074477233512,1
702,-0.401411207986922,0.128425204320504,1
703,1.64001594389577,0.325306725199194,1
704,-1.00878188388893,1.79061687762618,1
705,0.773381641847161,-0.550956739094741,0
706,-0.208398239765179,-1.41435525451527,0
707,-0.951327949635325,0.695407799325723,1
708,-0.711510901787993,0.894126479603908,1
709,-1.41884177633798,-0.82899325192777,0
710,0.453449609389506,-0.660980858736144,0
711,-0.829948321795482,0.402014774363041,1
712,-1.53549276414789,2.00637643712915,1
713,1.99005597909682,0.708317768855172,1
714,0.583896405317539,-1.12992086002333,0
715,1.16444712117175,-0.079234164174686,1
716,-0.872418293135712,1.52991882462565,1
717,-0.973979326560788,-0.516083797199346,0
718,1.06692650319756,-1.46522983100076,0
719,0.569402093596333,-0.832375492433193,0
720,-1.11977465582209,-1.41994699041436,0
721,-1.56065984559989,1.26125594742914,1
722,-0.616895967305521,-1.09122787175435,0
723,0.122039746283359,1.4836487593171,1
724,1.08088585116397,-1.09273912960031,0
725,-0.820619492171662,-1.01834794724468,0
726,-0.194183869889804,-0.414656816854487,0
727,0.157894325757424,0.727835734728427,1
728,-0.592710426747826,0.763018259217882,1
729,0.370048675326878,0.889144346207096,1
730,-2.45082410957922,0.675869247492198,1
731,1.61512929452464,-1.30446611538932,0
732,1.03082208894385,1.08954968215423,1
733,0.39649403678649,-1.23100414198378,0
734,0.088505545895522,-1.53042782522445,0
735,-0.124937301848197,0.398952115366196,1
736,-1.65357031624386,0.886953870228369,1
737,2.82998103047177,-0.943856363895429,0
738,0.616066322471389,0.081010446587773,1
739,-0.482033026915489,1.33162485296014,1
740,0.052445661635855,-1.30860040495476,0
741,0.947398380697777,1.18726293292834,1
742,0.40200628773773,1.18891247685436,1
743,0.756663166380885,-1.43704935596263,0
744,0.041973597648869,0.930561634432443,1
745,0.861298284154343,1.21738793128533,1
746,0.314394395709526,0.941853654079046,1
747,0.851662898688817,-1.07049305510762,0
748,-0.538800314395133,-1.29870551928391,0
749,1.04265266601517,0.006224338703968,1
750,-1.08985115825767,0.429112638173353,1
751,0.878551946773041,1.13361934272779,1
752,-0.795880690173953,1.02915161812645,1
753,-0.707338997553597,-1.05985421432792,0
754,0.766701715671278,-0.787807868353254,0
755,1.13908120544521,1.06610936371477,1
756,0.530319980982807,0.678153367636186,1
757,1.34087472578573,0.009903920323872,1
758,-1.29440090618547,-1.15987588111512,0
759,1.03274546307155,-0.747342836213779,0
760,-0.153064220399321,-1.37859644659769,0
761,-0.070709631194268,-0.648594169478464,0
762,0.81012777501696,-0.406391424190316,0
763,-0.328977902373467,1.41089221097457,1
764,-0.715674067844825,0.865335500457045,1
765,1.07095885793541,0.058348774146304,0
766,0.919880186687836,1.36226930529543,1
767,1.21531035498461,-1.91384213368958,0
768,0.049459169181926,-1.09629790135218,0
769,-0.103081496529813,-0.667618405196405,0
770,-0.277242054995995,-1.07200417779202,0
771,0.788457273759076,1.11653814201648,1
772,-0.949529742423243,1.10073836259867,1
773,1.89268607246946,-1.27068901027992,0
774,1.56325871272043,-0.814539661329446,0
775,0.629050004254926,0.856181286939917,1
776,-0.167932287014764,0.371285386599718,1
777,0.304839982562838,0.432868050617504,1
778,2.27955961747166,0.670742951577657,1
779,-0.306184361793949,1.49241700347294,1
780,-0.142794240546238,-1.29241828287877,0
781,-1.70699118433854,1.58056480500103,1
782,1.74181156043957,0.689643028575166,1
783,0.371233151289207,1.45520266344341,1
784,0.943843120634624,0.991773673992532,1
785,-1.06585623674635,0.77735288925405,1
786,-0.514548770082521,1.17246522917283,1
787,-0.849272209401302,-1.12789576531365,0
788,-0.992749755951264,0.580269279032997,1
789,0.230112430375971,0.590108158489991,1
790,-0.514348448046937,-0.925744614316655,0
791,0.917004059741578,2.00827620198996,1
792,-0.17873770201092,1.20324699957927,1
793,1.56942672415214,-0.197447951537174,0
794,0.290177465013947,-1.43141531144774,0
795,0.469851991983049,-0.821233190881309,0
796,-0.333408194636136,-1.2201151598616,0
797,1.90192783566821,-0.363115923364748,0
798,-0.892982426403075,1.44188498035868,1
799,0.692858637767265,1.27598014099498,1
800,-0.21296018767451,1.91971285695344,1
801,-1.2979907482693,0.933331954996606,1
802,-1.94845198970388,0.214152217753101,1
803,0.103791252025577,-0.552963454448055,0
804,1.01578161854193,-0.836033808138987,0
805,-0.479296468731701,-1.22570048751411,0
806,1.47090009028257,0.705991533484271,1
807,0.368294293175989,-0.981059271263769,0
808,-0.087875256447365,-0.650913669412215,0
809,-0.054425583624588,1.77855695847793,1
810,-0.641185530203148,-0.847658283979084,0
811,-0.326450745408957,1.49112529892994,1
812,2.03593218828039,0.707766979954016,1
813,0.958979900589627,-0.618994471144375,0
814,-0.694908344313627,0.643862707030602,1
815,-1.5352899736658,-0.707319066330498,0
816,-0.406388373949891,1.25768161469125,1
817,0.518133867052658,0.531435385714859,1
818,0.836685265302099,-0.816414239409932,0
819,-1.24778360729859,-0.954521275055635,0
820,-0.081738742629618,1.56819465781824,1
821,0.32341587289191,-0.939700991310074,0
822,0.00703596744976,-1.14177530154195,0
823,0.648260970294492,1.0822731982354,1
824,-0.815737341545928,-1.19961475508959,0
825,1.56982287818074,0.96487374065947,1
826,-0.000798539521827,-1.11308606147658,0
827,0.10816675621205,-0.830606272762009,0
828,-1.63991765508846,-1.11184426245061,0
829,1.55871966370738,0.732329848174743,1
830,-1.09450682694657,0.418446574509527,1
831,-0.674587530008835,-0.997181605219403,0
832,-0.173141851995707,-0.703283476876877,0
833,-0.592650804543649,-1.14697734061565,0
834,-1.66813612558784,0.632649474411006,1
835,-1.0015814453253,1.47205037155426,1
836,-0.802742666246072,0.44618996742029,1
837,-1.39390687521525,0.862413534385306,1
838,-0.750971505550736,-1.34984231023388,0
839,0.1062140582086,-1.11461521098313,0
840,0.573754903707964,-1.51865305230342,0
841,0.211220415217327,-0.992983507282983,0
842,2.51888631929844,1.08009418948022,1
843,1.18894735301486,-1.13410660180727,0
844,-0.256521411302079,-0.767415266847007,0
845,-0.172018180504614,-0.933725358424535,0
846,0.726459390736597,0.558127114699859,1
847,1.14470697155052,-0.643601457823306,0
848,0.243243225054936,-1.5424008820424,0
849,-0.194685549110531,-0.835809379927768,0
850,-0.490948347281576,-1.12882121076006,0
851,-0.066590920823044,-1.20950282175151,0
852,0.117289429460441,1.28231095148918,1
853,0.620309511628147,0.00628386407381,1
854,0.493014664387,0.516150521967872,1
855,-1.48652511092973,-1.15674427265085,0
856,0.052010353979582,-1.0842964326215,0
857,0.902132982022225,-0.71008430976623,0
858,-0.720430669915658,-1.13597676012816,0
859,-3.27613217325769,-1.74364909185877,0
860,1.15244999393227,-1.10083574666412,0
861,0.766723799364312,-0.325341526665685,0
862,-0.800011075811743,1.91117595685766,1
863,0.928129116953527,1.56564585429355,1
864,-1.172260313943,1.15919298690375,1
865,0.174727279119009,-0.893651594480604,0
866,-0.711714245927019,-1.04918801290904,0
867,1.22804501456067,-1.0246831981963,0
868,1.58329263387205,1.63562789744211,1
869,2.5257500755364,0.70500601584331,1
870,0.131851267012412,-0.999193970228858,0
871,0.521998182685974,1.07508762589105,1
872,0.179142174683087,-0.624924019707676,0
873,0.740851884346549,-0.932628631897974,0
874,1.06163312149299,0.978446234274394,1
875,0.48518214639703,-1.17074550988753,0
876,-0.260859698665512,-0.637251446552446,0
877,0.511915106067397,1.66029012982713,1
878,-0.610359788611168,-1.02351331114739,0
879,-1.0503727679053,1.60168579660804,1
880,0.258515314623848,-1.07437937090851,0
881,0.093222846619858,-0.082637607829224,1
882,-0.891388217264536,-1.08656344592725,0
883,0.755028648804953,-1.24357062474812,0
884,-0.113207883527774,0.799167410955717,1
885,1.41282494797325,-1.25728073394595,0
886,-0.379435246938849,-0.846957755674744,0
887,0.402162614968102,-1.17876553456618,0
888,0.376634498332552,-1.26567283722466,0
889,-0.433818887866789,0.464864863336311,1
890,-0.86062862017024,0.85987937718388,1
891,-0.894915231359768,-0.695682053527224,1
892,-0.708278068313779,1.1887873565347,1
893,2.08789297444966,-1.13081388823487,0
894,0.499345848959748,-0.953047020134494,0
895,1.02548541631649,0.740022243646532,1
896,0.177098690428831,-0.809404997305914,0
897,-0.235616444612245,-0.600638550783714,0
898,-0.072984095344672,1.22593143529838,1
899,-1.03550645982322,1.1859155871619,1
900,-1.3395588015369,-1.21050239755756,0
901,0.159248946045615,-0.704106651844992,0
902,-2.94683073922899,-0.814269692035775,0
903,-1.0581017315321,1.91420305186231,1
904,-1.08589072403109,0.831732189896457,1
905,0.087265899515155,-0.953170042988383,0
906,0.561507083655728,0.990120907463252,1
907,0.004678023065829,0.608775286898384,1
908,2.94696374122822,0.858395328860407,1
909,-0.280618422989029,1.64318392328912,1
910,-1.09181643360679,1.77958784285213,1
911,0.576963550892679,0.585916364940575,1
912,-0.874905080764915,-1.29844009375278,0
913,-0.222016336493295,0.476874981091626,1
914,0.637096270026781,-1.02820872860886,0
915,0.424729537273419,-1.37700052670416,0
916,0.579830735571989,0.547433985680476,1
917,0.232214148712124,-0.759028272892828,0
918,-0.408446891495916,1.06979404505363,1
919,-1.50674300956126,-0.888033386398392,0
920,0.059150034338262,-0.927139762217046,0
921,-1.64917855533404,-0.839251698693396,0
922,-0.833911914988869,1.66738500664271,1
923,-0.171213811808737,1.08373474789324,1
924,-1.42984879469265,-0.881683365160912,0
925,-0.551357265053316,1.00550670096211,1
926,-0.565039545688797,1.01988377592484,1
927,-0.886021812105856,-1.02621606856797,0
928,-0.834831773672749,0.795003313727195,1
929,-0.505776212246616,-1.00686003809854,0
930,0.499304645089348,1.11868597464318,1
931,-0.712023720406978,-0.719308973450706,0
932,-1.20525010615185,-0.991792072600526,0
933,-0.737334033885785,-0.283185239312815,0
934,0.922327176680795,1.34417744006099,1
935,-0.702857288924982,-1.09136328066352,0
936,-0.224498163100795,1.37991645013016,1
937,0.72157039059694,1.72803587535829,1
938,0.594954309232853,-0.882447767752445,0
939,-1.05903197828725,0.684527494050811,1
940,0.49496561288313,-0.751873143642986,0
941,-0.86953166680371,-1.25265459221139,0
942,-0.236215679761865,1.13463457697121,1
943,-1.55983820707989,-0.389825561739046,0
944,1.35517631434853,0.820234036984139,1
945,0.322844903866453,1.27788937073599,1
946,0.154974228211753,1.45577505350616,1
947,0.056368817146339,1.07105389592165,1
948,-0.082265952348735,-0.765435769248374,0
949,0.021574743406618,-0.597878003449601,0
950,-0.272314590322143,-1.0299631493077,0
951,0.19323096842019,-0.509397777839978,0
952,-1.99550259018129,1.42914823587207,1
953,-1.9170489187981,1.49314401554411,1
954,0.053904430658117,1.57791267187287,1
955,0.534241996548251,1.74804246265126,1
956,0.086939997940618,1.5744702179668,1
957,1.08337664555704,-0.466386237428859,0
958,-0.88442081614683,-1.70379466343904,0
959,-1.18178247734615,0.855727448045939,1
960,0.672210793641789,-1.29873563015795,0
961,0.535231204174684,-1.61549234412499,0
962,1.26393769898164,1.74189645285143,1
963,0.834301974886528,-0.766681177150639,0
964,0.005936459863636,-1.18153758541115,0
965,-0.266689338019242,-0.849749933055122,0
966,1.01103442810916,1.00378796335287,1
967,0.833012173107666,-0.45990110916399,0
968,-0.878391789186488,0.921108688344711,1
969,-1.40917748686787,1.32746513470238,1
970,0.008674174322452,-1.39954660639802,0
971,-0.24815195956766,1.0446744732664,1
972,0.95262135350793,-1.48493511769123,0
973,-0.438303679320021,-0.895622163576715,0
974,0.473902365282227,-0.064929198578577,1
975,1.30795748882043,-0.989679178077224,0
976,1.76252935069313,1.21347973211151,1
977,-0.335726051772045,-1.13993514273745,0
978,-0.456214565801179,0.857413685305502,1
979,0.427633364626809,0.546377531412763,1
980,-0.727040340821711,1.47782275870615,1
981,2.15077194933927,1.15308281529511,1
982,-0.030794900800217,1.42480464753624,1
983,1.1407715720061,-0.671221648593618,0
984,-1.37204477452692,-1.74999933870493,0
985,-0.521276253985896,1.5483675625868,1
986,2.41567810313987,1.21176028094251,1
987,0.241950561463327,0.296868805900294,1
988,-0.959683927382349,-0.789317861212582,0
989,-0.403833663644404,-1.14173184691924,0
990,-0.014193646563637,0.918480425262416,1
991,0.666739876713395,-0.727092972387772,0
992,0.313353209142313,1.4226774277154,1
993,0.642995777585598,0.94923150763644,1
994,-0.015198401353723,1.53518775315305,1
995,-1.22633747531459,-0.507285931960054,0
996,0.107578320670206,0.634165905933696,1
997,-0.317336238817908,-0.357282459672571,0
998,-0.295126615683235,0.746446210089553,1
999,-0.883060970808185,0.287510640032804,1
